<ImportExportXml version="9.2.24072.208" SolutionPackageVersion="9.2" languagecode="1033" generatedBy="CrmLive" xmlns:xsi="http://www.w3.org/2001/XMLSchema-instance">
  <SolutionManifest>
    <UniqueName>EventPlanningProject</UniqueName>
    <LocalizedNames>
      <LocalizedName description="Event Planning Project" languagecode="1033" />
    </LocalizedNames>
    <Descriptions />
    <Version>1.0.0.7</Version>
    <Managed>0</Managed>
    <Publisher>
      <UniqueName>EventPlanningEngineers</UniqueName>
      <LocalizedNames>
        <LocalizedName description="Event Planning Engineers" languagecode="1033" />
      </LocalizedNames>
      <Descriptions>
        <Description description="Engineers dedicated to building the event planning application." languagecode="1033" />
      </Descriptions>
      <EMailAddress xsi:nil="true"></EMailAddress>
      <SupportingWebsiteUrl xsi:nil="true"></SupportingWebsiteUrl>
      <CustomizationPrefix>epe</CustomizationPrefix>
      <CustomizationOptionValuePrefix>11111</CustomizationOptionValuePrefix>
      <Addresses>
        <Address>
          <AddressNumber>1</AddressNumber>
          <AddressTypeCode>1</AddressTypeCode>
          <City xsi:nil="true"></City>
          <County xsi:nil="true"></County>
          <Country xsi:nil="true"></Country>
          <Fax xsi:nil="true"></Fax>
          <FreightTermsCode xsi:nil="true"></FreightTermsCode>
          <ImportSequenceNumber xsi:nil="true"></ImportSequenceNumber>
          <Latitude xsi:nil="true"></Latitude>
          <Line1 xsi:nil="true"></Line1>
          <Line2 xsi:nil="true"></Line2>
          <Line3 xsi:nil="true"></Line3>
          <Longitude xsi:nil="true"></Longitude>
          <Name xsi:nil="true"></Name>
          <PostalCode xsi:nil="true"></PostalCode>
          <PostOfficeBox xsi:nil="true"></PostOfficeBox>
          <PrimaryContactName xsi:nil="true"></PrimaryContactName>
          <ShippingMethodCode>1</ShippingMethodCode>
          <StateOrProvince xsi:nil="true"></StateOrProvince>
          <Telephone1 xsi:nil="true"></Telephone1>
          <Telephone2 xsi:nil="true"></Telephone2>
          <Telephone3 xsi:nil="true"></Telephone3>
          <TimeZoneRuleVersionNumber xsi:nil="true"></TimeZoneRuleVersionNumber>
          <UPSZone xsi:nil="true"></UPSZone>
          <UTCOffset xsi:nil="true"></UTCOffset>
          <UTCConversionTimeZoneCode xsi:nil="true"></UTCConversionTimeZoneCode>
        </Address>
        <Address>
          <AddressNumber>2</AddressNumber>
          <AddressTypeCode>1</AddressTypeCode>
          <City xsi:nil="true"></City>
          <County xsi:nil="true"></County>
          <Country xsi:nil="true"></Country>
          <Fax xsi:nil="true"></Fax>
          <FreightTermsCode xsi:nil="true"></FreightTermsCode>
          <ImportSequenceNumber xsi:nil="true"></ImportSequenceNumber>
          <Latitude xsi:nil="true"></Latitude>
          <Line1 xsi:nil="true"></Line1>
          <Line2 xsi:nil="true"></Line2>
          <Line3 xsi:nil="true"></Line3>
          <Longitude xsi:nil="true"></Longitude>
          <Name xsi:nil="true"></Name>
          <PostalCode xsi:nil="true"></PostalCode>
          <PostOfficeBox xsi:nil="true"></PostOfficeBox>
          <PrimaryContactName xsi:nil="true"></PrimaryContactName>
          <ShippingMethodCode>1</ShippingMethodCode>
          <StateOrProvince xsi:nil="true"></StateOrProvince>
          <Telephone1 xsi:nil="true"></Telephone1>
          <Telephone2 xsi:nil="true"></Telephone2>
          <Telephone3 xsi:nil="true"></Telephone3>
          <TimeZoneRuleVersionNumber xsi:nil="true"></TimeZoneRuleVersionNumber>
          <UPSZone xsi:nil="true"></UPSZone>
          <UTCOffset xsi:nil="true"></UTCOffset>
          <UTCConversionTimeZoneCode xsi:nil="true"></UTCConversionTimeZoneCode>
        </Address>
      </Addresses>
    </Publisher>
    <RootComponents>
      <RootComponent type="1" schemaName="epe_attendee" behavior="0" />
      <RootComponent type="1" schemaName="epe_event" behavior="0" />
      <RootComponent type="1" schemaName="epe_eventvendor" behavior="0" />
      <RootComponent type="1" schemaName="epe_vendor" behavior="0" />
      <RootComponent type="1" schemaName="epe_venue" behavior="0" />
      <RootComponent type="9" schemaName="cr977_eventstatus" behavior="0" />
      <RootComponent type="9" schemaName="epe_dietaryrestrictions" behavior="0" />
      <RootComponent type="9" schemaName="epe_eventstatus" behavior="0" />
      <RootComponent type="29" id="{fcae3aee-ad32-ef11-8409-6045bd0372e1}" behavior="0" />
      <RootComponent type="60" id="{23b2b1af-1b22-ef11-840b-00224803e090}" behavior="0" />
      <RootComponent type="60" id="{8f337b9d-1822-ef11-840b-00224803e090}" behavior="0" />
      <RootComponent type="62" schemaName="epe_Chapter10EmbeddedReport" behavior="0" />
      <RootComponent type="62" schemaName="epe_EventPlanningModelDrivenApp" behavior="0" />
      <RootComponent type="80" schemaName="epe_EventPlanningModelDrivenApp" behavior="0" />
      <RootComponent type="300" schemaName="epe_app_c4e4a" behavior="0" />
      <RootComponent type="300" schemaName="epe_chapter6exampleapp_08cc6" behavior="0" />
      <RootComponent type="300" schemaName="epe_chapter8example_aff29" behavior="0" />
      <RootComponent type="300" schemaName="epe_eventplanningcanvasapp_95c1a" behavior="0" />
      <RootComponent type="300" schemaName="epe_eventplanningcanvasapp_ccc79" behavior="0" />
      <RootComponent type="300" schemaName="epe_eventplanningpagesapp_5acac" behavior="0" />
    </RootComponents>
    <MissingDependencies>
      <MissingDependency>
        <Required type="1" schemaName="cr1a8_events" displayName="Events" solution="Active" />
        <Dependent type="300" schemaName="epe_app_c4e4a" displayName="App" />
      </MissingDependency>
      <MissingDependency>
        <Required type="1" schemaName="cr1a8_events" displayName="Events" solution="Active" />
        <Dependent type="300" schemaName="epe_eventplanningcanvasapp_ccc79" displayName="Event Planning Canvas App" />
      </MissingDependency>
      <MissingDependency>
        <Required type="61" schemaName="msdyn_/Images/AppModule_Default_Icon.png" displayName="msdyn_/Images/AppModule_Default_Icon.png" solution="AppModuleWebResources (2.5)" />
        <Dependent type="80" schemaName="epe_EventPlanningModelDrivenApp" displayName="Event Planning Model-Driven App" />
      </MissingDependency>
      <MissingDependency>
        <Required type="SettingDefinition" displayName="AppChannel" solution="msdyn_AppFrameworkInfraExtensions (1.0.0.11)" id.uniquename="AppChannel" />
        <Dependent type="AppSetting" displayName="parentappmoduleid.uniquename=epe_EventPlanningModelDrivenApp,settingdefinitionid.uniquename=AppChannel" id.parentappmoduleid.uniquename="epe_EventPlanningModelDrivenApp" id.settingdefinitionid.uniquename="AppChannel" />
      </MissingDependency>
    </MissingDependencies>
  </SolutionManifest>
</ImportExportXml>